id,attit,expo,age,age11,age13,age11s,age13s,ind1,ind2,ind3,ind4,ind5,female,minority,income
       3,.11,-.37,11,0,-2,0,4,1,0,0,0,0,1,0,3
       3,.2,-.27,12,1,-1,1,1,0,1,0,0,0,1,0,3
       3,0,-.37,13,2,0,4,0,0,0,1,0,0,1,0,3
       3,0,-.27,14,3,1,9,1,0,0,0,1,0,1,0,3
       3,.11,-.17,15,4,2,16,4,0,0,0,0,1,1,0,3
       8,.29,.42,11,0,-2,0,4,1,0,0,0,0,0,0,4
       8,.29,.2,12,1,-1,1,1,0,1,0,0,0,0,0,4
       8,.11,.42,13,2,0,4,0,0,0,1,0,0,0,0,4
       8,.51,.2,14,3,1,9,1,0,0,0,1,0,0,0,4
       8,.69,.2,15,4,2,16,4,0,0,0,0,1,0,0,4
       9,.8,.47,11,0,-2,0,4,1,0,0,0,0,0,0,3
       9,.58,.52,12,1,-1,1,1,0,1,0,0,0,0,0,3
       9,.64,.2,13,2,0,4,0,0,0,1,0,0,0,0,3
       9,.75,.47,14,3,1,9,1,0,0,0,1,0,0,0,3
       9,.98,.47,15,4,2,16,4,0,0,0,0,1,0,0,3
      15,.44,.07,11,0,-2,0,4,1,0,0,0,0,0,0,4
      15,.44,.32,12,1,-1,1,1,0,1,0,0,0,0,0,4
      15,.89,.47,13,2,0,4,0,0,0,1,0,0,0,0,4
      15,.75,.26,14,3,1,9,1,0,0,0,1,0,0,0,4
      15,.8,.47,15,4,2,16,4,0,0,0,0,1,0,0,4
      33,.2,-.27,11,0,-2,0,4,1,0,0,0,0,1,0,4
      33,.64,-.27,12,1,-1,1,1,0,1,0,0,0,1,0,4
      33,.69,-.27,13,2,0,4,0,0,0,1,0,0,1,0,4
      33,.11,.07,15,4,2,16,4,0,0,0,0,1,1,0,4
      45,.11,.26,11,0,-2,0,4,1,0,0,0,0,1,0,4
      45,.37,-.17,12,1,-1,1,1,0,1,0,0,0,1,0,4
      45,.37,.14,13,2,0,4,0,0,0,1,0,0,1,0,4
      45,.37,.14,14,3,1,9,1,0,0,0,1,0,1,0,4
      45,.69,.32,15,4,2,16,4,0,0,0,0,1,1,0,4
      52,.29,-.17,12,1,-1,1,1,0,1,0,0,0,0,0,3
      52,.2,-.01,13,2,0,4,0,0,0,1,0,0,0,0,3
      52,.44,-.01,14,3,1,9,1,0,0,0,1,0,0,0,3
      52,.44,-.17,15,4,2,16,4,0,0,0,0,1,0,0,3
      77,.11,-.27,11,0,-2,0,4,1,0,0,0,0,0,0,4
      77,.2,-.09,12,1,-1,1,1,0,1,0,0,0,0,0,4
      77,.64,-.09,13,2,0,4,0,0,0,1,0,0,0,0,4
      77,.58,.2,14,3,1,9,1,0,0,0,1,0,0,0,4
      77,.8,.26,15,4,2,16,4,0,0,0,0,1,0,0,4
      79,.2,.2,11,0,-2,0,4,1,0,0,0,0,1,0,6
      79,.51,.26,12,1,-1,1,1,0,1,0,0,0,1,0,6
      79,.51,.61,13,2,0,4,0,0,0,1,0,0,1,0,6
      79,.69,.96,14,3,1,9,1,0,0,0,1,0,1,0,6
      79,.94,.98,15,4,2,16,4,0,0,0,0,1,1,0,6
      83,0,.86,11,0,-2,0,4,1,0,0,0,0,0,1,3
      83,.2,-.27,12,1,-1,1,1,0,1,0,0,0,0,1,3
      83,.58,.65,13,2,0,4,0,0,0,1,0,0,0,1,3
      83,.37,-.09,14,3,1,9,1,0,0,0,1,0,0,1,3
      93,0,-.09,11,0,-2,0,4,1,0,0,0,0,1,0,5
      93,0,-.27,12,1,-1,1,1,0,1,0,0,0,1,0,5
      93,0,-.17,13,2,0,4,0,0,0,1,0,0,1,0,5
      93,.2,.07,14,3,1,9,1,0,0,0,1,0,1,0,5
      93,.2,-.09,15,4,2,16,4,0,0,0,0,1,1,0,5
      96,.2,-.09,11,0,-2,0,4,1,0,0,0,0,1,0,7
      96,.29,-.27,12,1,-1,1,1,0,1,0,0,0,1,0,7
      96,.29,-.01,13,2,0,4,0,0,0,1,0,0,1,0,7
      96,.64,.07,14,3,1,9,1,0,0,0,1,0,1,0,7
      96,.51,.14,15,4,2,16,4,0,0,0,0,1,1,0,7
     107,.37,-.09,11,0,-2,0,4,1,0,0,0,0,1,0,9
     107,.51,-.17,12,1,-1,1,1,0,1,0,0,0,1,0,9
     107,.29,-.37,13,2,0,4,0,0,0,1,0,0,1,0,9
     119,.64,-.09,11,0,-2,0,4,1,0,0,0,0,0,0,5
     119,.29,-.17,12,1,-1,1,1,0,1,0,0,0,0,0,5
     119,.51,-.09,13,2,0,4,0,0,0,1,0,0,0,0,5
     119,.58,.26,14,3,1,9,1,0,0,0,1,0,0,0,5
     119,.51,.42,15,4,2,16,4,0,0,0,0,1,0,0,5
     120,.2,.37,11,0,-2,0,4,1,0,0,0,0,0,0,5
     120,.11,-.27,12,1,-1,1,1,0,1,0,0,0,0,0,5
     120,.11,-.17,13,2,0,4,0,0,0,1,0,0,0,0,5
     120,.58,-.01,14,3,1,9,1,0,0,0,1,0,0,0,5
     120,.69,-.09,15,4,2,16,4,0,0,0,0,1,0,0,5
     127,.2,-.06,11,0,-2,0,4,1,0,0,0,0,0,1,2
     127,.2,.14,12,1,-1,1,1,0,1,0,0,0,0,1,2
     127,.2,.42,13,2,0,4,0,0,0,1,0,0,0,1,2
     127,.11,-.01,14,3,1,9,1,0,0,0,1,0,0,1,2
     127,.51,.07,15,4,2,16,4,0,0,0,0,1,0,1,2
     138,0,.47,11,0,-2,0,4,1,0,0,0,0,0,1,2
     138,.29,.2,12,1,-1,1,1,0,1,0,0,0,0,1,2
     138,0,-.01,13,2,0,4,0,0,0,1,0,0,0,1,2
     138,.2,.56,14,3,1,9,1,0,0,0,1,0,0,1,2
     138,.44,.8,15,4,2,16,4,0,0,0,0,1,0,1,2
     141,.11,.2,11,0,-2,0,4,1,0,0,0,0,0,1,2
     141,.29,.68,12,1,-1,1,1,0,1,0,0,0,0,1,2
     141,.69,.42,13,2,0,4,0,0,0,1,0,0,0,1,2
     141,.8,.56,14,3,1,9,1,0,0,0,1,0,0,1,2
     141,.64,.37,15,4,2,16,4,0,0,0,0,1,0,1,2
     152,.37,.14,11,0,-2,0,4,1,0,0,0,0,0,0,10
     152,.29,-.27,12,1,-1,1,1,0,1,0,0,0,0,0,10
     152,.29,-.27,13,2,0,4,0,0,0,1,0,0,0,0,10
     152,.29,-.09,14,3,1,9,1,0,0,0,1,0,0,0,10
     152,.29,-.09,15,4,2,16,4,0,0,0,0,1,0,0,10
     158,.58,-.09,11,0,-2,0,4,1,0,0,0,0,0,0,3
     158,.51,.14,12,1,-1,1,1,0,1,0,0,0,0,0,3
     158,.89,.96,13,2,0,4,0,0,0,1,0,0,0,0,3
     158,.85,.37,15,4,2,16,4,0,0,0,0,1,0,0,3
     159,.11,-.17,11,0,-2,0,4,1,0,0,0,0,1,0,8
     159,.37,.37,12,1,-1,1,1,0,1,0,0,0,1,0,8
     159,.11,.2,13,2,0,4,0,0,0,1,0,0,1,0,8
     159,.11,.32,14,3,1,9,1,0,0,0,1,0,1,0,8
     159,.29,.25,15,4,2,16,4,0,0,0,0,1,1,0,8
     165,0,-.37,11,0,-2,0,4,1,0,0,0,0,1,1,4
     165,.11,-.37,12,1,-1,1,1,0,1,0,0,0,1,1,4
     165,0,-.37,13,2,0,4,0,0,0,1,0,0,1,1,4
     168,.44,.37,11,0,-2,0,4,1,0,0,0,0,0,1,1
     173,.44,.07,12,1,-1,1,1,0,1,0,0,0,0,0,4
     173,.8,.65,13,2,0,4,0,0,0,1,0,0,0,0,4
     173,.8,.42,14,3,1,9,1,0,0,0,1,0,0,0,4
     173,.85,.56,15,4,2,16,4,0,0,0,0,1,0,0,4
     180,.89,.56,13,2,0,4,0,0,0,1,0,0,1,0,2
     180,1.06,.73,14,3,1,9,1,0,0,0,1,0,1,0,2
     180,.94,.61,15,4,2,16,4,0,0,0,0,1,1,0,2
     181,1.13,.56,12,1,-1,1,1,0,1,0,0,0,1,0,2
     181,.94,.61,13,2,0,4,0,0,0,1,0,0,1,0,2
     181,1.17,.93,14,3,1,9,1,0,0,0,1,0,1,0,2
     181,1.2,1.04,15,4,2,16,4,0,0,0,0,1,1,0,2
     186,0,-.27,11,0,-2,0,4,1,0,0,0,0,1,1,1
     186,.11,.26,12,1,-1,1,1,0,1,0,0,0,1,1,1
     186,.37,-.01,13,2,0,4,0,0,0,1,0,0,1,1,1
     186,.11,-.37,14,3,1,9,1,0,0,0,1,0,1,1,1
     186,.51,-.37,15,4,2,16,4,0,0,0,0,1,1,1,1
     189,.2,.14,11,0,-2,0,4,1,0,0,0,0,0,0,3
     189,.29,-.37,13,2,0,4,0,0,0,1,0,0,0,0,3
     189,.11,-.37,14,3,1,9,1,0,0,0,1,0,0,0,3
     189,.44,-.37,15,4,2,16,4,0,0,0,0,1,0,0,3
     190,.44,.26,11,0,-2,0,4,1,0,0,0,0,0,0,1
     190,.44,.14,12,1,-1,1,1,0,1,0,0,0,0,0,1
     190,.51,.32,13,2,0,4,0,0,0,1,0,0,0,0,1
     190,.51,-.01,14,3,1,9,1,0,0,0,1,0,0,0,1
     190,.51,.2,15,4,2,16,4,0,0,0,0,1,0,0,1
     194,0,.14,11,0,-2,0,4,1,0,0,0,0,0,0,5
     198,.37,-.09,11,0,-2,0,4,1,0,0,0,0,0,0,2
     198,.29,-.01,12,1,-1,1,1,0,1,0,0,0,0,0,2
     198,.44,.26,13,2,0,4,0,0,0,1,0,0,0,0,2
     198,.64,.42,14,3,1,9,1,0,0,0,1,0,0,0,2
     198,.8,.2,15,4,2,16,4,0,0,0,0,1,0,0,2
     199,.29,-.09,11,0,-2,0,4,1,0,0,0,0,1,0,3
     199,.2,-.09,12,1,-1,1,1,0,1,0,0,0,1,0,3
     199,.29,.42,13,2,0,4,0,0,0,1,0,0,1,0,3
     199,.64,-.01,14,3,1,9,1,0,0,0,1,0,1,0,3
     199,.51,.26,15,4,2,16,4,0,0,0,0,1,1,0,3
     208,.37,-.27,11,0,-2,0,4,1,0,0,0,0,0,0,3
     208,.37,-.27,13,2,0,4,0,0,0,1,0,0,0,0,3
     208,0,-.27,14,3,1,9,1,0,0,0,1,0,0,0,3
     208,0,-.17,15,4,2,16,4,0,0,0,0,1,0,0,3
     211,0,-.17,11,0,-2,0,4,1,0,0,0,0,0,0,3
     211,0,-.37,12,1,-1,1,1,0,1,0,0,0,0,0,3
     211,0,-.37,13,2,0,4,0,0,0,1,0,0,0,0,3
     211,0,-.37,14,3,1,9,1,0,0,0,1,0,0,0,3
     211,0,-.27,15,4,2,16,4,0,0,0,0,1,0,0,3
     218,.11,-.06,12,1,-1,1,1,0,1,0,0,0,1,0,6
     218,.51,-.01,13,2,0,4,0,0,0,1,0,0,1,0,6
     218,.69,-.01,14,3,1,9,1,0,0,0,1,0,1,0,6
     218,.89,.2,15,4,2,16,4,0,0,0,0,1,1,0,6
     231,.11,-.17,11,0,-2,0,4,1,0,0,0,0,1,0,5
     231,0,-.37,12,1,-1,1,1,0,1,0,0,0,1,0,5
     237,.44,-.09,11,0,-2,0,4,1,0,0,0,0,0,0,2
     237,.44,-.17,12,1,-1,1,1,0,1,0,0,0,0,0,2
     237,.29,-.27,13,2,0,4,0,0,0,1,0,0,0,0,2
     237,.69,-.01,14,3,1,9,1,0,0,0,1,0,0,0,2
     237,.75,-.09,15,4,2,16,4,0,0,0,0,1,0,0,2
     244,0,-.27,11,0,-2,0,4,1,0,0,0,0,1,1,2
     244,.2,-.27,12,1,-1,1,1,0,1,0,0,0,1,1,2
     244,0,-.27,13,2,0,4,0,0,0,1,0,0,1,1,2
     244,0,-.37,14,3,1,9,1,0,0,0,1,0,1,1,2
     244,.37,-.37,15,4,2,16,4,0,0,0,0,1,1,1,2
     246,.8,.26,13,2,0,4,0,0,0,1,0,0,0,0,5
     246,.58,.2,14,3,1,9,1,0,0,0,1,0,0,0,5
     246,.29,.14,15,4,2,16,4,0,0,0,0,1,0,0,5
     249,.11,-.37,11,0,-2,0,4,1,0,0,0,0,0,1,4
     249,.11,-.09,12,1,-1,1,1,0,1,0,0,0,0,1,4
     249,0,-.17,13,2,0,4,0,0,0,1,0,0,0,1,4
     249,.37,-.17,14,3,1,9,1,0,0,0,1,0,0,1,4
     249,.75,-.17,15,4,2,16,4,0,0,0,0,1,0,1,4
     259,0,-.17,11,0,-2,0,4,1,0,0,0,0,0,0,6
     259,.11,.19,12,1,-1,1,1,0,1,0,0,0,0,0,6
     259,.64,.2,13,2,0,4,0,0,0,1,0,0,0,0,6
     259,.69,.2,14,3,1,9,1,0,0,0,1,0,0,0,6
     259,.69,-.01,15,4,2,16,4,0,0,0,0,1,0,0,6
     262,.2,-.01,11,0,-2,0,4,1,0,0,0,0,0,0,5
     262,.11,-.37,12,1,-1,1,1,0,1,0,0,0,0,0,5
     262,.2,-.37,13,2,0,4,0,0,0,1,0,0,0,0,5
     262,.69,-.37,14,3,1,9,1,0,0,0,1,0,0,0,5
     262,.29,-.37,15,4,2,16,4,0,0,0,0,1,0,0,5
     266,.37,-.37,11,0,-2,0,4,1,0,0,0,0,0,0,5
     266,0,-.09,12,1,-1,1,1,0,1,0,0,0,0,0,5
     266,.29,-.09,13,2,0,4,0,0,0,1,0,0,0,0,5
     266,.69,-.01,14,3,1,9,1,0,0,0,1,0,0,0,5
     266,.75,.14,15,4,2,16,4,0,0,0,0,1,0,0,5
     268,.37,-.27,11,0,-2,0,4,1,0,0,0,0,1,0,6
     268,.29,-.09,12,1,-1,1,1,0,1,0,0,0,1,0,6
     268,.69,-.01,13,2,0,4,0,0,0,1,0,0,1,0,6
     268,.58,-.17,14,3,1,9,1,0,0,0,1,0,1,0,6
     268,.29,-.01,15,4,2,16,4,0,0,0,0,1,1,0,6
     281,.29,-.01,11,0,-2,0,4,1,0,0,0,0,0,0,5
     281,.37,.32,13,2,0,4,0,0,0,1,0,0,0,0,5
     281,.51,.14,14,3,1,9,1,0,0,0,1,0,0,0,5
     281,.64,-.01,15,4,2,16,4,0,0,0,0,1,0,0,5
     297,0,-.27,11,0,-2,0,4,1,0,0,0,0,1,0,3
     314,.2,-.27,11,0,-2,0,4,1,0,0,0,0,0,0,10
     314,.2,-.27,12,1,-1,1,1,0,1,0,0,0,0,0,10
     314,.44,-.27,13,2,0,4,0,0,0,1,0,0,0,0,10
     314,.11,-.09,14,3,1,9,1,0,0,0,1,0,0,0,10
     314,.11,-.17,15,4,2,16,4,0,0,0,0,1,0,0,10
     330,.29,-.01,11,0,-2,0,4,1,0,0,0,0,0,1,2
     330,.37,.2,12,1,-1,1,1,0,1,0,0,0,0,1,2
     330,0,-.17,13,2,0,4,0,0,0,1,0,0,0,1,2
     330,.51,.2,15,4,2,16,4,0,0,0,0,1,0,1,2
     334,0,-.17,12,1,-1,1,1,0,1,0,0,0,1,1,1
     334,.11,-.27,13,2,0,4,0,0,0,1,0,0,1,1,1
     334,0,-.17,14,3,1,9,1,0,0,0,1,0,1,1,1
     334,0,-.37,15,4,2,16,4,0,0,0,0,1,1,1,1
     361,.44,.26,13,2,0,4,0,0,0,1,0,0,0,0,4
     361,.44,-.09,14,3,1,9,1,0,0,0,1,0,0,0,4
     361,.8,.69,15,4,2,16,4,0,0,0,0,1,0,0,4
     362,.11,-.09,11,0,-2,0,4,1,0,0,0,0,0,0,4
     362,.37,-.09,12,1,-1,1,1,0,1,0,0,0,0,0,4
     362,0,-.17,13,2,0,4,0,0,0,1,0,0,0,0,4
     362,0,-.27,14,3,1,9,1,0,0,0,1,0,0,0,4
     362,0,-.37,15,4,2,16,4,0,0,0,0,1,0,0,4
     363,0,-.17,11,0,-2,0,4,1,0,0,0,0,1,0,4
     363,.11,-.27,12,1,-1,1,1,0,1,0,0,0,1,0,4
     363,0,.07,13,2,0,4,0,0,0,1,0,0,1,0,4
     363,.11,-.01,14,3,1,9,1,0,0,0,1,0,1,0,4
     363,0,-.37,15,4,2,16,4,0,0,0,0,1,1,0,4
     368,.29,-.27,12,1,-1,1,1,0,1,0,0,0,1,0,2
     368,.11,-.17,13,2,0,4,0,0,0,1,0,0,1,0,2
     368,0,.73,14,3,1,9,1,0,0,0,1,0,1,0,2
     368,.2,.26,15,4,2,16,4,0,0,0,0,1,1,0,2
     369,.51,-.06,11,0,-2,0,4,1,0,0,0,0,1,0,2
     369,.37,-.17,12,1,-1,1,1,0,1,0,0,0,1,0,2
     369,.69,-.17,13,2,0,4,0,0,0,1,0,0,1,0,2
     369,.69,.47,15,4,2,16,4,0,0,0,0,1,1,0,2
     374,0,.07,11,0,-2,0,4,1,0,0,0,0,1,0,5
     385,.37,-.37,11,0,-2,0,4,1,0,0,0,0,1,0,5
     385,.2,-.27,12,1,-1,1,1,0,1,0,0,0,1,0,5
     385,.37,-.27,13,2,0,4,0,0,0,1,0,0,1,0,5
     385,.64,-.17,14,3,1,9,1,0,0,0,1,0,1,0,5
     385,.69,-.01,15,4,2,16,4,0,0,0,0,1,1,0,5
     387,.29,-.09,11,0,-2,0,4,1,0,0,0,0,1,0,10
     387,.44,.14,12,1,-1,1,1,0,1,0,0,0,1,0,10
     387,.69,.2,13,2,0,4,0,0,0,1,0,0,1,0,10
     387,.94,.2,14,3,1,9,1,0,0,0,1,0,1,0,10
     387,.75,.14,15,4,2,16,4,0,0,0,0,1,1,0,10
     396,.44,-.09,11,0,-2,0,4,1,0,0,0,0,1,0,5
     396,.44,-.01,12,1,-1,1,1,0,1,0,0,0,1,0,5
     396,.37,.07,13,2,0,4,0,0,0,1,0,0,1,0,5
     396,.44,.14,14,3,1,9,1,0,0,0,1,0,1,0,5
     396,.29,-.01,15,4,2,16,4,0,0,0,0,1,1,0,5
     398,.44,-.27,11,0,-2,0,4,1,0,0,0,0,1,0,5
     398,.44,-.09,13,2,0,4,0,0,0,1,0,0,1,0,5
     398,.44,.07,14,3,1,9,1,0,0,0,1,0,1,0,5
     398,.51,-.01,15,4,2,16,4,0,0,0,0,1,1,0,5
     400,.2,-.27,11,0,-2,0,4,1,0,0,0,0,0,0,6
     400,.29,-.17,12,1,-1,1,1,0,1,0,0,0,0,0,6
     400,.37,-.27,13,2,0,4,0,0,0,1,0,0,0,0,6
     400,.29,-.01,14,3,1,9,1,0,0,0,1,0,0,0,6
     400,.44,-.09,15,4,2,16,4,0,0,0,0,1,0,0,6
     411,.2,.07,11,0,-2,0,4,1,0,0,0,0,0,0,3
     411,.12,-.01,12,1,-1,1,1,0,1,0,0,0,0,0,3
     411,.37,-.01,13,2,0,4,0,0,0,1,0,0,0,0,3
     411,.69,.42,14,3,1,9,1,0,0,0,1,0,0,0,3
     411,.75,.47,15,4,2,16,4,0,0,0,0,1,0,0,3
     419,.29,-.09,11,0,-2,0,4,1,0,0,0,0,0,0,4
     419,0,-.27,12,1,-1,1,1,0,1,0,0,0,0,0,4
     419,.11,-.09,13,2,0,4,0,0,0,1,0,0,0,0,4
     419,.69,.32,14,3,1,9,1,0,0,0,1,0,0,0,4
     419,.69,.37,15,4,2,16,4,0,0,0,0,1,0,0,4
     422,.2,.03,11,0,-2,0,4,1,0,0,0,0,1,0,5
     422,.11,-.17,12,1,-1,1,1,0,1,0,0,0,1,0,5
     422,.44,-.01,13,2,0,4,0,0,0,1,0,0,1,0,5
     422,.29,.2,14,3,1,9,1,0,0,0,1,0,1,0,5
     422,.51,.26,15,4,2,16,4,0,0,0,0,1,1,0,5
     424,.44,-.27,11,0,-2,0,4,1,0,0,0,0,1,0,2
     424,.2,-.09,12,1,-1,1,1,0,1,0,0,0,1,0,2
     424,.69,.42,13,2,0,4,0,0,0,1,0,0,1,0,2
     424,1.17,.56,14,3,1,9,1,0,0,0,1,0,1,0,2
     424,1.06,.52,15,4,2,16,4,0,0,0,0,1,1,0,2
     434,.51,-.09,11,0,-2,0,4,1,0,0,0,0,0,0,5
     434,.51,-.09,12,1,-1,1,1,0,1,0,0,0,0,0,5
     434,.69,-.01,13,2,0,4,0,0,0,1,0,0,0,0,5
     434,.85,.37,14,3,1,9,1,0,0,0,1,0,0,0,5
     434,.8,.42,15,4,2,16,4,0,0,0,0,1,0,0,5
     442,.37,-.17,11,0,-2,0,4,1,0,0,0,0,0,0,5
     442,.69,.07,12,1,-1,1,1,0,1,0,0,0,0,0,5
     442,.37,.14,13,2,0,4,0,0,0,1,0,0,0,0,5
     442,.51,.37,14,3,1,9,1,0,0,0,1,0,0,0,5
     442,.64,.14,15,4,2,16,4,0,0,0,0,1,0,0,5
     453,.51,-.09,11,0,-2,0,4,1,0,0,0,0,0,0,2
     453,.51,.26,13,2,0,4,0,0,0,1,0,0,0,0,2
     453,.44,.65,14,3,1,9,1,0,0,0,1,0,0,0,2
     453,.8,.76,15,4,2,16,4,0,0,0,0,1,0,0,2
     454,.44,.26,11,0,-2,0,4,1,0,0,0,0,1,0,2
     454,.94,.61,12,1,-1,1,1,0,1,0,0,0,1,0,2
     454,.75,.52,13,2,0,4,0,0,0,1,0,0,1,0,2
     454,.58,.56,14,3,1,9,1,0,0,0,1,0,1,0,2
     454,1.02,.73,15,4,2,16,4,0,0,0,0,1,1,0,2
     459,.29,-.17,11,0,-2,0,4,1,0,0,0,0,0,0,9
     459,.2,-.17,12,1,-1,1,1,0,1,0,0,0,0,0,9
     459,.44,.07,13,2,0,4,0,0,0,1,0,0,0,0,9
     459,.58,-.01,14,3,1,9,1,0,0,0,1,0,0,0,9
     459,.29,-.01,15,4,2,16,4,0,0,0,0,1,0,0,9
     468,.44,.2,11,0,-2,0,4,1,0,0,0,0,0,0,7
     468,.44,.26,13,2,0,4,0,0,0,1,0,0,0,0,7
     468,.11,.26,14,3,1,9,1,0,0,0,1,0,0,0,7
     468,.69,.2,15,4,2,16,4,0,0,0,0,1,0,0,7
     473,.2,.65,11,0,-2,0,4,1,0,0,0,0,0,0,4
     473,0,.61,12,1,-1,1,1,0,1,0,0,0,0,0,4
     473,.29,.2,13,2,0,4,0,0,0,1,0,0,0,0,4
     473,.2,-.17,14,3,1,9,1,0,0,0,1,0,0,0,4
     473,.37,.32,15,4,2,16,4,0,0,0,0,1,0,0,4
     488,.29,-.37,11,0,-2,0,4,1,0,0,0,0,1,0,3
     488,.2,-.17,12,1,-1,1,1,0,1,0,0,0,1,0,3
     488,.11,-.27,13,2,0,4,0,0,0,1,0,0,1,0,3
     488,.11,-.27,14,3,1,9,1,0,0,0,1,0,1,0,3
     488,.11,-.09,15,4,2,16,4,0,0,0,0,1,1,0,3
     514,.29,-.17,11,0,-2,0,4,1,0,0,0,0,1,0,5
     514,.51,-.17,12,1,-1,1,1,0,1,0,0,0,1,0,5
     514,.8,-.17,13,2,0,4,0,0,0,1,0,0,1,0,5
     514,.75,-.17,14,3,1,9,1,0,0,0,1,0,1,0,5
     514,.89,.14,15,4,2,16,4,0,0,0,0,1,1,0,5
     520,.11,.86,11,0,-2,0,4,1,0,0,0,0,0,0,2
     520,.11,.26,12,1,-1,1,1,0,1,0,0,0,0,0,2
     520,.44,.19,13,2,0,4,0,0,0,1,0,0,0,0,2
     520,.51,.32,14,3,1,9,1,0,0,0,1,0,0,0,2
     520,.69,.83,15,4,2,16,4,0,0,0,0,1,0,0,2
     522,.2,-.27,11,0,-2,0,4,1,0,0,0,0,1,1,4
     522,.11,-.01,12,1,-1,1,1,0,1,0,0,0,1,1,4
     522,.2,-.27,13,2,0,4,0,0,0,1,0,0,1,1,4
     522,.69,-.27,14,3,1,9,1,0,0,0,1,0,1,1,4
     522,.69,-.01,15,4,2,16,4,0,0,0,0,1,1,1,4
     528,.11,.32,11,0,-2,0,4,1,0,0,0,0,0,0,8
     528,0,-.27,12,1,-1,1,1,0,1,0,0,0,0,0,8
     528,0,-.27,13,2,0,4,0,0,0,1,0,0,0,0,8
     528,.37,-.09,14,3,1,9,1,0,0,0,1,0,0,0,8
     528,.51,.11,15,4,2,16,4,0,0,0,0,1,0,0,8
     529,0,-.37,11,0,-2,0,4,1,0,0,0,0,1,0,10
     529,0,-.37,12,1,-1,1,1,0,1,0,0,0,1,0,10
     529,.2,-.27,13,2,0,4,0,0,0,1,0,0,1,0,10
     529,.2,-.27,14,3,1,9,1,0,0,0,1,0,1,0,10
     529,.2,-.17,15,4,2,16,4,0,0,0,0,1,1,0,10
     536,.2,-.27,11,0,-2,0,4,1,0,0,0,0,1,1,1
     536,.29,-.17,12,1,-1,1,1,0,1,0,0,0,1,1,1
     536,.11,-.37,13,2,0,4,0,0,0,1,0,0,1,1,1
     536,.2,-.27,14,3,1,9,1,0,0,0,1,0,1,1,1
     536,.2,-.37,15,4,2,16,4,0,0,0,0,1,1,1,1
     553,.2,-.37,13,2,0,4,0,0,0,1,0,0,1,1,2
     553,.2,-.09,14,3,1,9,1,0,0,0,1,0,1,1,2
     555,.29,-.17,11,0,-2,0,4,1,0,0,0,0,1,1,1
     555,.2,-.37,13,2,0,4,0,0,0,1,0,0,1,1,1
     555,.2,-.37,14,3,1,9,1,0,0,0,1,0,1,1,1
     555,.11,-.27,15,4,2,16,4,0,0,0,0,1,1,1,1
     558,.29,.56,13,2,0,4,0,0,0,1,0,0,1,0,2
     558,.11,.14,14,3,1,9,1,0,0,0,1,0,1,0,2
     561,.11,-.17,11,0,-2,0,4,1,0,0,0,0,0,0,7
     561,.37,.2,12,1,-1,1,1,0,1,0,0,0,0,0,7
     561,1.2,.61,13,2,0,4,0,0,0,1,0,0,0,0,7
     561,.8,.07,14,3,1,9,1,0,0,0,1,0,0,0,7
     561,.85,.32,15,4,2,16,4,0,0,0,0,1,0,0,7
     566,.29,.32,11,0,-2,0,4,1,0,0,0,0,0,1,1
     566,.2,.07,12,1,-1,1,1,0,1,0,0,0,0,1,1
     566,.44,.2,13,2,0,4,0,0,0,1,0,0,0,1,1
     566,.64,.07,14,3,1,9,1,0,0,0,1,0,0,1,1
     566,.69,.07,15,4,2,16,4,0,0,0,0,1,0,1,1
     569,.58,.83,11,0,-2,0,4,1,0,0,0,0,0,0,1
     569,.64,.52,12,1,-1,1,1,0,1,0,0,0,0,0,1
     569,.64,.73,13,2,0,4,0,0,0,1,0,0,0,0,1
     569,.69,.73,14,3,1,9,1,0,0,0,1,0,0,0,1
     569,.69,.61,15,4,2,16,4,0,0,0,0,1,0,0,1
     570,.64,-.01,11,0,-2,0,4,1,0,0,0,0,0,0,1
     570,.64,.69,12,1,-1,1,1,0,1,0,0,0,0,0,1
     570,.37,.98,13,2,0,4,0,0,0,1,0,0,0,0,1
     570,.58,.96,14,3,1,9,1,0,0,0,1,0,0,0,1
     590,.37,-.17,11,0,-2,0,4,1,0,0,0,0,1,0,7
     590,.2,-.17,12,1,-1,1,1,0,1,0,0,0,1,0,7
     590,.29,-.09,13,2,0,4,0,0,0,1,0,0,1,0,7
     590,.2,-.26,14,3,1,9,1,0,0,0,1,0,1,0,7
     590,.29,-.09,15,4,2,16,4,0,0,0,0,1,1,0,7
     593,0,-.37,11,0,-2,0,4,1,0,0,0,0,1,0,3
     593,.29,-.37,12,1,-1,1,1,0,1,0,0,0,1,0,3
     593,.11,-.37,13,2,0,4,0,0,0,1,0,0,1,0,3
     593,.69,-.27,14,3,1,9,1,0,0,0,1,0,1,0,3
     593,.11,-.37,15,4,2,16,4,0,0,0,0,1,1,0,3
     606,.11,-.37,11,0,-2,0,4,1,0,0,0,0,1,0,6
     606,.11,-.09,12,1,-1,1,1,0,1,0,0,0,1,0,6
     606,.37,-.17,13,2,0,4,0,0,0,1,0,0,1,0,6
     606,.2,-.17,14,3,1,9,1,0,0,0,1,0,1,0,6
     606,.2,-.17,15,4,2,16,4,0,0,0,0,1,1,0,6
     615,.2,-.27,11,0,-2,0,4,1,0,0,0,0,1,0,3
     615,0,-.37,12,1,-1,1,1,0,1,0,0,0,1,0,3
     615,.29,-.27,13,2,0,4,0,0,0,1,0,0,1,0,3
     615,.51,.37,14,3,1,9,1,0,0,0,1,0,1,0,3
     615,.37,.32,15,4,2,16,4,0,0,0,0,1,1,0,3
     618,0,-.17,11,0,-2,0,4,1,0,0,0,0,1,0,6
     618,.2,-.17,12,1,-1,1,1,0,1,0,0,0,1,0,6
     618,.29,.07,13,2,0,4,0,0,0,1,0,0,1,0,6
     618,.2,-.09,14,3,1,9,1,0,0,0,1,0,1,0,6
     618,.44,-.09,15,4,2,16,4,0,0,0,0,1,1,0,6
     624,.11,-.01,11,0,-2,0,4,1,0,0,0,0,1,0,3
     624,.11,.07,12,1,-1,1,1,0,1,0,0,0,1,0,3
     624,.2,-.01,13,2,0,4,0,0,0,1,0,0,1,0,3
     624,.11,-.01,14,3,1,9,1,0,0,0,1,0,1,0,3
     624,.2,-.17,15,4,2,16,4,0,0,0,0,1,1,0,3
     629,0,-.27,11,0,-2,0,4,1,0,0,0,0,1,0,6
     629,0,-.17,12,1,-1,1,1,0,1,0,0,0,1,0,6
     629,0,-.17,13,2,0,4,0,0,0,1,0,0,1,0,6
     629,0,-.17,14,3,1,9,1,0,0,0,1,0,1,0,6
     629,0,-.37,15,4,2,16,4,0,0,0,0,1,1,0,6
     639,.37,-.01,11,0,-2,0,4,1,0,0,0,0,0,0,4
     639,.29,.47,12,1,-1,1,1,0,1,0,0,0,0,0,4
     639,.75,.14,13,2,0,4,0,0,0,1,0,0,0,0,4
     639,.58,.69,14,3,1,9,1,0,0,0,1,0,0,0,4
     639,.64,.37,15,4,2,16,4,0,0,0,0,1,0,0,4
     648,0,-.17,11,0,-2,0,4,1,0,0,0,0,1,0,4
     648,0,.14,12,1,-1,1,1,0,1,0,0,0,1,0,4
     648,0,-.37,13,2,0,4,0,0,0,1,0,0,1,0,4
     648,0,-.27,14,3,1,9,1,0,0,0,1,0,1,0,4
     648,0,-.17,15,4,2,16,4,0,0,0,0,1,1,0,4
     651,0,-.37,11,0,-2,0,4,1,0,0,0,0,1,0,10
     651,0,-.37,12,1,-1,1,1,0,1,0,0,0,1,0,10
     651,.2,-.27,13,2,0,4,0,0,0,1,0,0,1,0,10
     651,.51,.32,14,3,1,9,1,0,0,0,1,0,1,0,10
     651,.37,-.17,15,4,2,16,4,0,0,0,0,1,1,0,10
     655,.69,.56,12,1,-1,1,1,0,1,0,0,0,0,0,5
     655,.58,.47,13,2,0,4,0,0,0,1,0,0,0,0,5
     655,.37,.37,14,3,1,9,1,0,0,0,1,0,0,0,5
     655,.94,.07,15,4,2,16,4,0,0,0,0,1,0,0,5
     657,.37,-.27,11,0,-2,0,4,1,0,0,0,0,1,0,4
     657,.11,-.17,12,1,-1,1,1,0,1,0,0,0,1,0,4
     657,.2,-.37,13,2,0,4,0,0,0,1,0,0,1,0,4
     657,.11,-.17,14,3,1,9,1,0,0,0,1,0,1,0,4
     657,.11,-.37,15,4,2,16,4,0,0,0,0,1,1,0,4
     659,.2,-.09,11,0,-2,0,4,1,0,0,0,0,0,1,2
     659,.44,-.09,12,1,-1,1,1,0,1,0,0,0,0,1,2
     659,.75,.14,13,2,0,4,0,0,0,1,0,0,0,1,2
     659,.64,.14,14,3,1,9,1,0,0,0,1,0,0,1,2
     659,.64,-.01,15,4,2,16,4,0,0,0,0,1,0,1,2
     668,0,-.27,12,1,-1,1,1,0,1,0,0,0,0,0,10
     668,0,-.37,13,2,0,4,0,0,0,1,0,0,0,0,10
     668,.11,-.37,14,3,1,9,1,0,0,0,1,0,0,0,10
     668,.2,-.27,15,4,2,16,4,0,0,0,0,1,0,0,10
     676,.37,.32,12,1,-1,1,1,0,1,0,0,0,1,1,3
     676,.37,.26,13,2,0,4,0,0,0,1,0,0,1,1,3
     676,.69,.14,14,3,1,9,1,0,0,0,1,0,1,1,3
     676,.85,.65,15,4,2,16,4,0,0,0,0,1,1,1,3
     677,.11,.37,11,0,-2,0,4,1,0,0,0,0,0,1,2
     677,.44,.2,12,1,-1,1,1,0,1,0,0,0,0,1,2
     677,.29,.38,13,2,0,4,0,0,0,1,0,0,0,1,2
     677,.98,.83,14,3,1,9,1,0,0,0,1,0,0,1,2
     677,.8,.42,15,4,2,16,4,0,0,0,0,1,0,1,2
     686,.58,.07,11,0,-2,0,4,1,0,0,0,0,0,0,6
     686,.44,.26,12,1,-1,1,1,0,1,0,0,0,0,0,6
     686,.44,.52,13,2,0,4,0,0,0,1,0,0,0,0,6
     686,.64,.32,14,3,1,9,1,0,0,0,1,0,0,0,6
     686,.69,.61,15,4,2,16,4,0,0,0,0,1,0,0,6
     704,.29,.07,12,1,-1,1,1,0,1,0,0,0,1,0,3
     704,.37,.52,13,2,0,4,0,0,0,1,0,0,1,0,3
     704,.37,-.27,14,3,1,9,1,0,0,0,1,0,1,0,3
     704,.69,-.09,15,4,2,16,4,0,0,0,0,1,1,0,3
     712,.11,-.27,11,0,-2,0,4,1,0,0,0,0,0,0,10
     712,.29,-.27,12,1,-1,1,1,0,1,0,0,0,0,0,10
     712,.29,-.27,13,2,0,4,0,0,0,1,0,0,0,0,10
     712,.2,-.27,14,3,1,9,1,0,0,0,1,0,0,0,10
     712,.2,-.27,15,4,2,16,4,0,0,0,0,1,0,0,10
     715,.51,-.09,11,0,-2,0,4,1,0,0,0,0,1,1,3
     715,.11,-.01,12,1,-1,1,1,0,1,0,0,0,1,1,3
     715,.29,-.09,13,2,0,4,0,0,0,1,0,0,1,1,3
     715,.44,.14,14,3,1,9,1,0,0,0,1,0,1,1,3
     715,.64,.37,15,4,2,16,4,0,0,0,0,1,1,1,3
     718,0,-.17,11,0,-2,0,4,1,0,0,0,0,0,0,1
     718,.11,.14,12,1,-1,1,1,0,1,0,0,0,0,0,1
     718,0,.26,13,2,0,4,0,0,0,1,0,0,0,0,1
     718,0,-.17,14,3,1,9,1,0,0,0,1,0,0,0,1
     718,0,-.17,15,4,2,16,4,0,0,0,0,1,0,0,1
     723,.2,-.01,11,0,-2,0,4,1,0,0,0,0,0,0,6
     723,.29,-.09,12,1,-1,1,1,0,1,0,0,0,0,0,6
     723,.11,-.27,13,2,0,4,0,0,0,1,0,0,0,0,6
     723,0,-.37,14,3,1,9,1,0,0,0,1,0,0,0,6
     723,.11,-.37,15,4,2,16,4,0,0,0,0,1,0,0,6
     725,.29,-.27,11,0,-2,0,4,1,0,0,0,0,1,0,5
     725,.2,-.37,12,1,-1,1,1,0,1,0,0,0,1,0,5
     725,0,-.37,13,2,0,4,0,0,0,1,0,0,1,0,5
     725,0,-.37,14,3,1,9,1,0,0,0,1,0,1,0,5
     725,0,-.37,15,4,2,16,4,0,0,0,0,1,1,0,5
     747,.2,-.17,11,0,-2,0,4,1,0,0,0,0,0,0,8
     747,0,.2,12,1,-1,1,1,0,1,0,0,0,0,0,8
     747,0,-.37,13,2,0,4,0,0,0,1,0,0,0,0,8
     747,.51,-.01,14,3,1,9,1,0,0,0,1,0,0,0,8
     747,.69,-.01,15,4,2,16,4,0,0,0,0,1,0,0,8
     749,.44,-.09,11,0,-2,0,4,1,0,0,0,0,0,1,2
     749,.37,-.17,12,1,-1,1,1,0,1,0,0,0,0,1,2
     749,.64,-.37,13,2,0,4,0,0,0,1,0,0,0,1,2
     749,.69,-.09,14,3,1,9,1,0,0,0,1,0,0,1,2
     749,.8,.14,15,4,2,16,4,0,0,0,0,1,0,1,2
     750,.37,-.27,11,0,-2,0,4,1,0,0,0,0,1,1,2
     750,.29,-.17,12,1,-1,1,1,0,1,0,0,0,1,1,2
     750,.29,-.09,13,2,0,4,0,0,0,1,0,0,1,1,2
     750,.98,.32,14,3,1,9,1,0,0,0,1,0,1,1,2
     750,.98,.2,15,4,2,16,4,0,0,0,0,1,1,1,2
     755,0,-.27,11,0,-2,0,4,1,0,0,0,0,0,0,5
     755,0,-.01,12,1,-1,1,1,0,1,0,0,0,0,0,5
     755,.51,-.17,13,2,0,4,0,0,0,1,0,0,0,0,5
     755,.44,-.09,14,3,1,9,1,0,0,0,1,0,0,0,5
     755,.69,-.27,15,4,2,16,4,0,0,0,0,1,0,0,5
     765,.2,-.27,11,0,-2,0,4,1,0,0,0,0,1,0,6
     765,.29,.2,12,1,-1,1,1,0,1,0,0,0,1,0,6
     765,.58,-.09,13,2,0,4,0,0,0,1,0,0,1,0,6
     765,.58,-.17,14,3,1,9,1,0,0,0,1,0,1,0,6
     765,.75,.26,15,4,2,16,4,0,0,0,0,1,1,0,6
     789,.2,-.17,12,1,-1,1,1,0,1,0,0,0,0,0,4
     789,.58,.64,13,2,0,4,0,0,0,1,0,0,0,0,4
     789,.89,.76,14,3,1,9,1,0,0,0,1,0,0,0,4
     789,.85,.69,15,4,2,16,4,0,0,0,0,1,0,0,4
     818,0,-.27,11,0,-2,0,4,1,0,0,0,0,0,1,2
     818,0,-.17,12,1,-1,1,1,0,1,0,0,0,0,1,2
     818,.58,.2,13,2,0,4,0,0,0,1,0,0,0,1,2
     818,.58,.61,14,3,1,9,1,0,0,0,1,0,0,1,2
     818,0,.56,15,4,2,16,4,0,0,0,0,1,0,1,2
     824,.11,.07,11,0,-2,0,4,1,0,0,0,0,0,1,2
     824,0,-.09,12,1,-1,1,1,0,1,0,0,0,0,1,2
     824,.37,.2,13,2,0,4,0,0,0,1,0,0,0,1,2
     824,.37,.07,14,3,1,9,1,0,0,0,1,0,0,1,2
     824,.44,.37,15,4,2,16,4,0,0,0,0,1,0,1,2
     825,.44,-.27,11,0,-2,0,4,1,0,0,0,0,0,1,2
     825,.51,-.27,12,1,-1,1,1,0,1,0,0,0,0,1,2
     825,.37,.21,13,2,0,4,0,0,0,1,0,0,0,1,2
     825,.64,-.17,14,3,1,9,1,0,0,0,1,0,0,1,2
     825,.58,-.37,15,4,2,16,4,0,0,0,0,1,0,1,2
     829,0,-.17,11,0,-2,0,4,1,0,0,0,0,0,1,1
     829,.2,-.09,13,2,0,4,0,0,0,1,0,0,0,1,1
     829,.44,-.01,14,3,1,9,1,0,0,0,1,0,0,1,1
     829,.29,.14,15,4,2,16,4,0,0,0,0,1,0,1,1
     848,.29,-.26,11,0,-2,0,4,1,0,0,0,0,1,0,3
     848,.29,-.09,12,1,-1,1,1,0,1,0,0,0,1,0,3
     848,.2,-.17,13,2,0,4,0,0,0,1,0,0,1,0,3
     848,.44,.65,14,3,1,9,1,0,0,0,1,0,1,0,3
     848,.2,.61,15,4,2,16,4,0,0,0,0,1,1,0,3
     851,.29,-.27,11,0,-2,0,4,1,0,0,0,0,0,0,4
     851,.2,-.09,12,1,-1,1,1,0,1,0,0,0,0,0,4
     851,.11,-.27,13,2,0,4,0,0,0,1,0,0,0,0,4
     851,.75,.14,14,3,1,9,1,0,0,0,1,0,0,0,4
     851,.69,-.01,15,4,2,16,4,0,0,0,0,1,0,0,4
     856,.29,.2,12,1,-1,1,1,0,1,0,0,0,0,0,1
     856,.29,.07,13,2,0,4,0,0,0,1,0,0,0,0,1
     856,.58,.2,14,3,1,9,1,0,0,0,1,0,0,0,1
     856,.58,.2,15,4,2,16,4,0,0,0,0,1,0,0,1
     868,0,.61,11,0,-2,0,4,1,0,0,0,0,0,1,1
     868,.69,-.01,12,1,-1,1,1,0,1,0,0,0,0,1,1
     868,.11,-.09,13,2,0,4,0,0,0,1,0,0,0,1,1
     868,.11,-.17,14,3,1,9,1,0,0,0,1,0,0,1,1
     868,.58,-.37,15,4,2,16,4,0,0,0,0,1,0,1,1
     871,0,.2,11,0,-2,0,4,1,0,0,0,0,0,1,1
     871,.29,.07,12,1,-1,1,1,0,1,0,0,0,0,1,1
     879,.69,.26,11,0,-2,0,4,1,0,0,0,0,0,1,5
     879,0,-.01,13,2,0,4,0,0,0,1,0,0,0,1,5
     879,.2,-.27,14,3,1,9,1,0,0,0,1,0,0,1,5
     879,.2,-.09,15,4,2,16,4,0,0,0,0,1,0,1,5
     897,0,-.27,11,0,-2,0,4,1,0,0,0,0,1,0,7
     897,.11,-.09,12,1,-1,1,1,0,1,0,0,0,1,0,7
     897,.64,.26,13,2,0,4,0,0,0,1,0,0,1,0,7
     897,0,-.09,14,3,1,9,1,0,0,0,1,0,1,0,7
     897,.2,.26,15,4,2,16,4,0,0,0,0,1,1,0,7
     901,.2,.14,11,0,-2,0,4,1,0,0,0,0,0,0,3
     901,.11,-.09,12,1,-1,1,1,0,1,0,0,0,0,0,3
     901,.2,.2,13,2,0,4,0,0,0,1,0,0,0,0,3
     901,.44,.26,14,3,1,9,1,0,0,0,1,0,0,0,3
     901,.44,.65,15,4,2,16,4,0,0,0,0,1,0,0,3
     902,0,-.37,11,0,-2,0,4,1,0,0,0,0,0,0,1
     902,0,-.37,12,1,-1,1,1,0,1,0,0,0,0,0,1
     902,0,-.09,13,2,0,4,0,0,0,1,0,0,0,0,1
     902,.11,-.27,14,3,1,9,1,0,0,0,1,0,0,0,1
     902,.37,-.01,15,4,2,16,4,0,0,0,0,1,0,0,1
     913,0,.52,11,0,-2,0,4,1,0,0,0,0,0,0,5
     913,.2,.14,12,1,-1,1,1,0,1,0,0,0,0,0,5
     913,.2,-.17,13,2,0,4,0,0,0,1,0,0,0,0,5
     913,.2,-.09,14,3,1,9,1,0,0,0,1,0,0,0,5
     913,.29,.14,15,4,2,16,4,0,0,0,0,1,0,0,5
     918,0,-.27,11,0,-2,0,4,1,0,0,0,0,0,0,7
     918,0,-.37,12,1,-1,1,1,0,1,0,0,0,0,0,7
     918,.2,.2,13,2,0,4,0,0,0,1,0,0,0,0,7
     918,.69,.47,14,3,1,9,1,0,0,0,1,0,0,0,7
     918,.2,.56,15,4,2,16,4,0,0,0,0,1,0,0,7
     922,.11,-.01,12,1,-1,1,1,0,1,0,0,0,1,1,1
     922,.11,-.09,13,2,0,4,0,0,0,1,0,0,1,1,1
     922,.11,-.09,14,3,1,9,1,0,0,0,1,0,1,1,1
     922,0,-.27,15,4,2,16,4,0,0,0,0,1,1,1,1
     923,0,.14,11,0,-2,0,4,1,0,0,0,0,1,1,1
     923,0,-.15,12,1,-1,1,1,0,1,0,0,0,1,1,1
     923,0,.2,13,2,0,4,0,0,0,1,0,0,1,1,1
     923,0,.86,14,3,1,9,1,0,0,0,1,0,1,1,1
     923,0,.2,15,4,2,16,4,0,0,0,0,1,1,1,1
     941,0,-.01,11,0,-2,0,4,1,0,0,0,0,1,1,1
     941,.51,-.27,12,1,-1,1,1,0,1,0,0,0,1,1,1
     941,0,-.09,13,2,0,4,0,0,0,1,0,0,1,1,1
     941,.69,-.01,14,3,1,9,1,0,0,0,1,0,1,1,1
     941,0,-.09,15,4,2,16,4,0,0,0,0,1,1,1,1
     946,.29,.32,11,0,-2,0,4,1,0,0,0,0,1,1,3
     946,.37,.11,12,1,-1,1,1,0,1,0,0,0,1,1,3
     946,.69,-.01,13,2,0,4,0,0,0,1,0,0,1,1,3
     946,.51,-.17,14,3,1,9,1,0,0,0,1,0,1,1,3
     946,.64,-.01,15,4,2,16,4,0,0,0,0,1,1,1,3
     949,.69,-.17,11,0,-2,0,4,1,0,0,0,0,1,0,3
     949,.44,-.09,12,1,-1,1,1,0,1,0,0,0,1,0,3
     949,.11,-.09,13,2,0,4,0,0,0,1,0,0,1,0,3
     949,.37,-.17,14,3,1,9,1,0,0,0,1,0,1,0,3
     949,.44,.14,15,4,2,16,4,0,0,0,0,1,1,0,3
     962,.44,.08,11,0,-2,0,4,1,0,0,0,0,0,1,1
     962,.51,.2,12,1,-1,1,1,0,1,0,0,0,0,1,1
     962,.75,.37,13,2,0,4,0,0,0,1,0,0,0,1,1
     962,.8,.47,14,3,1,9,1,0,0,0,1,0,0,1,1
     962,.2,.32,15,4,2,16,4,0,0,0,0,1,0,1,1
     963,.29,.2,12,1,-1,1,1,0,1,0,0,0,0,1,1
     963,.37,.14,13,2,0,4,0,0,0,1,0,0,0,1,1
     963,.29,.07,14,3,1,9,1,0,0,0,1,0,0,1,1
     963,0,-.09,15,4,2,16,4,0,0,0,0,1,0,1,1
     972,.11,-.37,11,0,-2,0,4,1,0,0,0,0,1,1,10
     972,.29,-.37,12,1,-1,1,1,0,1,0,0,0,1,1,10
     972,.11,-.01,13,2,0,4,0,0,0,1,0,0,1,1,10
     972,.11,.2,14,3,1,9,1,0,0,0,1,0,1,1,10
     972,.11,.26,15,4,2,16,4,0,0,0,0,1,1,1,10
     978,.2,-.27,11,0,-2,0,4,1,0,0,0,0,1,0,4
     978,.29,-.27,12,1,-1,1,1,0,1,0,0,0,1,0,4
     978,.75,.32,13,2,0,4,0,0,0,1,0,0,1,0,4
     978,1.24,.93,14,3,1,9,1,0,0,0,1,0,1,0,4
     978,1.2,.93,15,4,2,16,4,0,0,0,0,1,1,0,4
    1006,.2,-.27,11,0,-2,0,4,1,0,0,0,0,0,0,3
    1006,.2,-.37,12,1,-1,1,1,0,1,0,0,0,0,0,3
    1006,.11,.2,13,2,0,4,0,0,0,1,0,0,0,0,3
    1006,0,-.37,14,3,1,9,1,0,0,0,1,0,0,0,3
    1006,0,-.37,15,4,2,16,4,0,0,0,0,1,0,0,3
    1012,0,-.01,11,0,-2,0,4,1,0,0,0,0,1,1,5
    1012,.11,-.27,13,2,0,4,0,0,0,1,0,0,1,1,5
    1012,.11,-.27,14,3,1,9,1,0,0,0,1,0,1,1,5
    1012,0,-.17,15,4,2,16,4,0,0,0,0,1,1,1,5
    1021,.2,-.17,11,0,-2,0,4,1,0,0,0,0,1,0,3
    1021,.37,-.17,12,1,-1,1,1,0,1,0,0,0,1,0,3
    1021,.37,-.09,13,2,0,4,0,0,0,1,0,0,1,0,3
    1021,.29,-.01,14,3,1,9,1,0,0,0,1,0,1,0,3
    1021,.2,-.09,15,4,2,16,4,0,0,0,0,1,1,0,3
    1023,.11,-.27,11,0,-2,0,4,1,0,0,0,0,1,0,6
    1023,.11,.07,12,1,-1,1,1,0,1,0,0,0,1,0,6
    1023,.29,.07,13,2,0,4,0,0,0,1,0,0,1,0,6
    1023,.37,.14,14,3,1,9,1,0,0,0,1,0,1,0,6
    1023,.11,-.01,15,4,2,16,4,0,0,0,0,1,1,0,6
    1024,0,-.09,11,0,-2,0,4,1,0,0,0,0,1,0,3
    1024,.11,-.27,12,1,-1,1,1,0,1,0,0,0,1,0,3
    1024,0,-.27,13,2,0,4,0,0,0,1,0,0,1,0,3
    1024,.11,-.01,14,3,1,9,1,0,0,0,1,0,1,0,3
    1024,.29,.07,15,4,2,16,4,0,0,0,0,1,1,0,3
    1030,0,-.01,11,0,-2,0,4,1,0,0,0,0,1,1,3
    1030,0,-.27,12,1,-1,1,1,0,1,0,0,0,1,1,3
    1030,.2,.32,13,2,0,4,0,0,0,1,0,0,1,1,3
    1030,.64,.07,14,3,1,9,1,0,0,0,1,0,1,1,3
    1030,.69,.32,15,4,2,16,4,0,0,0,0,1,1,1,3
    1040,.37,-.27,11,0,-2,0,4,1,0,0,0,0,1,0,6
    1040,0,-.17,12,1,-1,1,1,0,1,0,0,0,1,0,6
    1040,.2,-.27,13,2,0,4,0,0,0,1,0,0,1,0,6
    1040,.37,-.09,14,3,1,9,1,0,0,0,1,0,1,0,6
    1040,.44,-.01,15,4,2,16,4,0,0,0,0,1,1,0,6
    1042,.2,-.27,11,0,-2,0,4,1,0,0,0,0,1,0,8
    1042,.11,-.17,12,1,-1,1,1,0,1,0,0,0,1,0,8
    1042,.2,-.01,13,2,0,4,0,0,0,1,0,0,1,0,8
    1042,.2,-.17,14,3,1,9,1,0,0,0,1,0,1,0,8
    1042,.44,-.01,15,4,2,16,4,0,0,0,0,1,1,0,8
    1044,.51,-.09,11,0,-2,0,4,1,0,0,0,0,0,0,6
    1044,.29,-.37,12,1,-1,1,1,0,1,0,0,0,0,0,6
    1044,.51,-.17,13,2,0,4,0,0,0,1,0,0,0,0,6
    1044,.51,.2,14,3,1,9,1,0,0,0,1,0,0,0,6
    1044,.51,.07,15,4,2,16,4,0,0,0,0,1,0,0,6
    1049,.2,-.37,11,0,-2,0,4,1,0,0,0,0,0,0,8
    1049,.37,-.09,12,1,-1,1,1,0,1,0,0,0,0,0,8
    1049,.29,-.09,13,2,0,4,0,0,0,1,0,0,0,0,8
    1049,.29,-.37,14,3,1,9,1,0,0,0,1,0,0,0,8
    1049,.29,-.37,15,4,2,16,4,0,0,0,0,1,0,0,8
    1053,.2,-.09,11,0,-2,0,4,1,0,0,0,0,0,0,3
    1053,0,.07,12,1,-1,1,1,0,1,0,0,0,0,0,3
    1053,0,-.37,13,2,0,4,0,0,0,1,0,0,0,0,3
    1053,0,-.37,14,3,1,9,1,0,0,0,1,0,0,0,3
    1053,.2,-.27,15,4,2,16,4,0,0,0,0,1,0,0,3
    1059,.2,-.37,11,0,-2,0,4,1,0,0,0,0,1,1,5
    1059,0,-.17,12,1,-1,1,1,0,1,0,0,0,1,1,5
    1059,.64,-.37,13,2,0,4,0,0,0,1,0,0,1,1,5
    1059,.69,-.37,14,3,1,9,1,0,0,0,1,0,1,1,5
    1059,.64,.14,15,4,2,16,4,0,0,0,0,1,1,1,5
    1062,.8,.42,11,0,-2,0,4,1,0,0,0,0,0,1,2
    1062,0,-.27,12,1,-1,1,1,0,1,0,0,0,0,1,2
    1062,.94,.32,13,2,0,4,0,0,0,1,0,0,0,1,2
    1062,.8,.96,14,3,1,9,1,0,0,0,1,0,0,1,2
    1062,.64,.69,15,4,2,16,4,0,0,0,0,1,0,1,2
    1064,.11,.14,11,0,-2,0,4,1,0,0,0,0,0,1,6
    1064,.37,-.12,12,1,-1,1,1,0,1,0,0,0,0,1,6
    1064,.44,.56,13,2,0,4,0,0,0,1,0,0,0,1,6
    1064,.29,.07,14,3,1,9,1,0,0,0,1,0,0,1,6
    1064,.51,.2,15,4,2,16,4,0,0,0,0,1,0,1,6
    1072,.2,-.01,11,0,-2,0,4,1,0,0,0,0,1,1,7
    1072,.11,-.17,12,1,-1,1,1,0,1,0,0,0,1,1,7
    1072,.69,.2,13,2,0,4,0,0,0,1,0,0,1,1,7
    1073,0,-.09,11,0,-2,0,4,1,0,0,0,0,0,1,2
    1073,0,-.01,12,1,-1,1,1,0,1,0,0,0,0,1,2
    1073,.11,-.27,13,2,0,4,0,0,0,1,0,0,0,1,2
    1073,.2,-.09,14,3,1,9,1,0,0,0,1,0,0,1,2
    1073,.29,-.17,15,4,2,16,4,0,0,0,0,1,0,1,2
    1074,.11,-.27,12,1,-1,1,1,0,1,0,0,0,1,0,2
    1074,0,-.27,13,2,0,4,0,0,0,1,0,0,1,0,2
    1074,.69,-.27,14,3,1,9,1,0,0,0,1,0,1,0,2
    1074,.69,-.09,15,4,2,16,4,0,0,0,0,1,1,0,2
    1082,.11,-.37,12,1,-1,1,1,0,1,0,0,0,1,1,2
    1082,.2,-.17,13,2,0,4,0,0,0,1,0,0,1,1,2
    1082,.44,-.17,14,3,1,9,1,0,0,0,1,0,1,1,2
    1082,.29,-.01,15,4,2,16,4,0,0,0,0,1,1,1,2
    1103,0,-.37,11,0,-2,0,4,1,0,0,0,0,1,0,3
    1103,0,-.27,12,1,-1,1,1,0,1,0,0,0,1,0,3
    1103,.69,-.01,13,2,0,4,0,0,0,1,0,0,1,0,3
    1103,.51,-.17,14,3,1,9,1,0,0,0,1,0,1,0,3
    1103,.69,-.09,15,4,2,16,4,0,0,0,0,1,1,0,3
    1105,.29,.11,11,0,-2,0,4,1,0,0,0,0,1,0,4
    1105,.64,.52,12,1,-1,1,1,0,1,0,0,0,1,0,4
    1105,.69,.52,13,2,0,4,0,0,0,1,0,0,1,0,4
    1105,.64,-.01,14,3,1,9,1,0,0,0,1,0,1,0,4
    1105,.75,.37,15,4,2,16,4,0,0,0,0,1,1,0,4
    1107,.44,.32,11,0,-2,0,4,1,0,0,0,0,0,0,8
    1107,.37,.14,12,1,-1,1,1,0,1,0,0,0,0,0,8
    1107,.29,-.17,13,2,0,4,0,0,0,1,0,0,0,0,8
    1107,.75,.32,14,3,1,9,1,0,0,0,1,0,0,0,8
    1107,.8,.47,15,4,2,16,4,0,0,0,0,1,0,0,8
    1111,.58,.2,11,0,-2,0,4,1,0,0,0,0,1,0,5
    1117,.29,-.27,11,0,-2,0,4,1,0,0,0,0,1,0,3
    1117,0,-.27,12,1,-1,1,1,0,1,0,0,0,1,0,3
    1117,0,-.27,13,2,0,4,0,0,0,1,0,0,1,0,3
    1117,.11,-.01,14,3,1,9,1,0,0,0,1,0,1,0,3
    1117,.11,-.17,15,4,2,16,4,0,0,0,0,1,1,0,3
    1134,.11,.2,11,0,-2,0,4,1,0,0,0,0,0,1,3
    1134,0,-.09,12,1,-1,1,1,0,1,0,0,0,0,1,3
    1134,0,-.09,13,2,0,4,0,0,0,1,0,0,0,1,3
    1134,0,.14,14,3,1,9,1,0,0,0,1,0,0,1,3
    1134,.2,.2,15,4,2,16,4,0,0,0,0,1,0,1,3
    1141,0,.26,11,0,-2,0,4,1,0,0,0,0,0,0,5
    1141,.44,-.17,12,1,-1,1,1,0,1,0,0,0,0,0,5
    1141,.69,-.17,13,2,0,4,0,0,0,1,0,0,0,0,5
    1141,.51,-.17,14,3,1,9,1,0,0,0,1,0,0,0,5
    1141,.11,-.37,15,4,2,16,4,0,0,0,0,1,0,0,5
    1143,.29,.07,11,0,-2,0,4,1,0,0,0,0,0,0,5
    1143,.11,.14,12,1,-1,1,1,0,1,0,0,0,0,0,5
    1143,.69,.61,13,2,0,4,0,0,0,1,0,0,0,0,5
    1143,.64,.61,14,3,1,9,1,0,0,0,1,0,0,0,5
    1143,.64,.37,15,4,2,16,4,0,0,0,0,1,0,0,5
    1152,.58,-.09,13,2,0,4,0,0,0,1,0,0,0,0,2
    1152,.69,-.01,14,3,1,9,1,0,0,0,1,0,0,0,2
    1152,.37,.14,15,4,2,16,4,0,0,0,0,1,0,0,2
    1160,.29,-.37,11,0,-2,0,4,1,0,0,0,0,1,0,3
    1160,0,-.37,12,1,-1,1,1,0,1,0,0,0,1,0,3
    1160,0,-.27,13,2,0,4,0,0,0,1,0,0,1,0,3
    1160,.11,-.27,14,3,1,9,1,0,0,0,1,0,1,0,3
    1160,.2,-.27,15,4,2,16,4,0,0,0,0,1,1,0,3
    1161,.11,-.37,13,2,0,4,0,0,0,1,0,0,0,0,2
    1161,.29,-.17,14,3,1,9,1,0,0,0,1,0,0,0,2
    1161,.11,-.01,15,4,2,16,4,0,0,0,0,1,0,0,2
    1165,.2,.07,11,0,-2,0,4,1,0,0,0,0,0,0,8
    1165,.11,-.37,12,1,-1,1,1,0,1,0,0,0,0,0,8
    1165,.29,.07,13,2,0,4,0,0,0,1,0,0,0,0,8
    1165,.44,-.37,14,3,1,9,1,0,0,0,1,0,0,0,8
    1165,.37,-.27,15,4,2,16,4,0,0,0,0,1,0,0,8
    1167,.2,-.27,12,1,-1,1,1,0,1,0,0,0,1,0,10
    1167,.75,.32,13,2,0,4,0,0,0,1,0,0,1,0,10
    1167,.89,.37,14,3,1,9,1,0,0,0,1,0,1,0,10
    1167,.51,.42,15,4,2,16,4,0,0,0,0,1,1,0,10
    1174,.29,-.09,11,0,-2,0,4,1,0,0,0,0,1,0,8
    1174,.11,-.27,12,1,-1,1,1,0,1,0,0,0,1,0,8
    1174,.2,-.27,13,2,0,4,0,0,0,1,0,0,1,0,8
    1174,.37,-.17,14,3,1,9,1,0,0,0,1,0,1,0,8
    1174,.69,.07,15,4,2,16,4,0,0,0,0,1,1,0,8
    1179,.29,-.01,11,0,-2,0,4,1,0,0,0,0,1,0,7
    1179,.2,-.09,12,1,-1,1,1,0,1,0,0,0,1,0,7
    1179,.2,-.09,13,2,0,4,0,0,0,1,0,0,1,0,7
    1179,.58,.14,14,3,1,9,1,0,0,0,1,0,1,0,7
    1179,.37,.2,15,4,2,16,4,0,0,0,0,1,1,0,7
    1199,.2,-.37,11,0,-2,0,4,1,0,0,0,0,1,0,1
    1199,.2,-.37,12,1,-1,1,1,0,1,0,0,0,1,0,1
    1199,.29,-.01,13,2,0,4,0,0,0,1,0,0,1,0,1
    1199,.29,-.09,14,3,1,9,1,0,0,0,1,0,1,0,1
    1199,.85,.2,15,4,2,16,4,0,0,0,0,1,1,0,1
    1201,.29,.32,11,0,-2,0,4,1,0,0,0,0,1,0,7
    1201,.11,-.01,12,1,-1,1,1,0,1,0,0,0,1,0,7
    1201,0,-.27,13,2,0,4,0,0,0,1,0,0,1,0,7
    1201,.37,.14,14,3,1,9,1,0,0,0,1,0,1,0,7
    1201,.69,.26,15,4,2,16,4,0,0,0,0,1,1,0,7
    1206,.29,.07,11,0,-2,0,4,1,0,0,0,0,0,0,4
    1206,.58,.32,12,1,-1,1,1,0,1,0,0,0,0,0,4
    1206,.89,.76,13,2,0,4,0,0,0,1,0,0,0,0,4
    1206,1.13,.76,14,3,1,9,1,0,0,0,1,0,0,0,4
    1206,.94,.2,15,4,2,16,4,0,0,0,0,1,0,0,4
    1226,0,-.37,11,0,-2,0,4,1,0,0,0,0,1,0,2
    1226,.37,-.27,12,1,-1,1,1,0,1,0,0,0,1,0,2
    1226,.37,-.37,13,2,0,4,0,0,0,1,0,0,1,0,2
    1226,.51,-.37,14,3,1,9,1,0,0,0,1,0,1,0,2
    1226,0,-.37,15,4,2,16,4,0,0,0,0,1,1,0,2
    1230,.29,-.27,11,0,-2,0,4,1,0,0,0,0,0,0,7
    1230,.29,-.27,12,1,-1,1,1,0,1,0,0,0,0,0,7
    1230,.44,.14,13,2,0,4,0,0,0,1,0,0,0,0,7
    1230,.69,.37,14,3,1,9,1,0,0,0,1,0,0,0,7
    1230,.69,.47,15,4,2,16,4,0,0,0,0,1,0,0,7
    1238,.11,.07,11,0,-2,0,4,1,0,0,0,0,0,0,2
    1238,.11,-.17,12,1,-1,1,1,0,1,0,0,0,0,0,2
    1238,.58,-.37,13,2,0,4,0,0,0,1,0,0,0,0,2
    1238,.69,.42,14,3,1,9,1,0,0,0,1,0,0,0,2
    1238,.44,-.06,15,4,2,16,4,0,0,0,0,1,0,0,2
    1240,0,-.37,11,0,-2,0,4,1,0,0,0,0,0,0,1
    1240,.2,-.27,12,1,-1,1,1,0,1,0,0,0,0,0,1
    1240,0,-.27,13,2,0,4,0,0,0,1,0,0,0,0,1
    1240,.58,-.09,14,3,1,9,1,0,0,0,1,0,0,0,1
    1240,.44,-.09,15,4,2,16,4,0,0,0,0,1,0,0,1
    1244,.29,-.17,11,0,-2,0,4,1,0,0,0,0,0,0,10
    1244,0,-.37,12,1,-1,1,1,0,1,0,0,0,0,0,10
    1244,.29,-.37,13,2,0,4,0,0,0,1,0,0,0,0,10
    1244,.2,-.37,14,3,1,9,1,0,0,0,1,0,0,0,10
    1249,.29,-.17,11,0,-2,0,4,1,0,0,0,0,0,0,8
    1249,.44,-.17,12,1,-1,1,1,0,1,0,0,0,0,0,8
    1249,0,-.37,13,2,0,4,0,0,0,1,0,0,0,0,8
    1249,0,-.09,14,3,1,9,1,0,0,0,1,0,0,0,8
    1249,.2,-.09,15,4,2,16,4,0,0,0,0,1,0,0,8
    1253,.44,-.26,11,0,-2,0,4,1,0,0,0,0,1,0,1
    1253,.29,-.17,12,1,-1,1,1,0,1,0,0,0,1,0,1
    1253,.75,.26,13,2,0,4,0,0,0,1,0,0,1,0,1
    1253,.8,.47,14,3,1,9,1,0,0,0,1,0,1,0,1
    1253,.94,.61,15,4,2,16,4,0,0,0,0,1,1,0,1
    1254,.2,.07,13,2,0,4,0,0,0,1,0,0,0,0,6
    1254,.2,.07,14,3,1,9,1,0,0,0,1,0,0,0,6
    1254,.44,.26,15,4,2,16,4,0,0,0,0,1,0,0,6
    1268,.69,-.37,12,1,-1,1,1,0,1,0,0,0,0,0,4
    1268,.69,-.37,13,2,0,4,0,0,0,1,0,0,0,0,4
    1274,.29,-.09,12,1,-1,1,1,0,1,0,0,0,1,0,6
    1274,.11,-.09,13,2,0,4,0,0,0,1,0,0,1,0,6
    1274,.29,-.37,14,3,1,9,1,0,0,0,1,0,1,0,6
    1274,.69,-.09,15,4,2,16,4,0,0,0,0,1,1,0,6
    1277,0,-.37,11,0,-2,0,4,1,0,0,0,0,1,0,7
    1277,0,-.37,12,1,-1,1,1,0,1,0,0,0,1,0,7
    1277,0,-.37,13,2,0,4,0,0,0,1,0,0,1,0,7
    1277,0,-.27,14,3,1,9,1,0,0,0,1,0,1,0,7
    1277,0,-.27,15,4,2,16,4,0,0,0,0,1,1,0,7
    1289,0,-.37,11,0,-2,0,4,1,0,0,0,0,1,0,4
    1289,0,-.37,12,1,-1,1,1,0,1,0,0,0,1,0,4
    1289,0,-.37,13,2,0,4,0,0,0,1,0,0,1,0,4
    1289,0,-.37,14,3,1,9,1,0,0,0,1,0,1,0,4
    1289,0,-.37,15,4,2,16,4,0,0,0,0,1,1,0,4
    1304,.51,.56,11,0,-2,0,4,1,0,0,0,0,0,0,1
    1304,.58,.14,12,1,-1,1,1,0,1,0,0,0,0,0,1
    1304,.75,.26,13,2,0,4,0,0,0,1,0,0,0,0,1
    1304,.44,.32,14,3,1,9,1,0,0,0,1,0,0,0,1
    1304,.58,-.17,15,4,2,16,4,0,0,0,0,1,0,0,1
    1320,0,-.37,11,0,-2,0,4,1,0,0,0,0,0,0,5
    1320,.11,-.37,13,2,0,4,0,0,0,1,0,0,0,0,5
    1320,.29,.07,14,3,1,9,1,0,0,0,1,0,0,0,5
    1320,.44,-.09,15,4,2,16,4,0,0,0,0,1,0,0,5
    1323,0,-.37,11,0,-2,0,4,1,0,0,0,0,1,0,4
    1323,.69,-.37,12,1,-1,1,1,0,1,0,0,0,1,0,4
    1323,.69,-.37,13,2,0,4,0,0,0,1,0,0,1,0,4
    1323,.69,.2,14,3,1,9,1,0,0,0,1,0,1,0,4
    1323,.89,.14,15,4,2,16,4,0,0,0,0,1,1,0,4
    1333,.11,-.17,11,0,-2,0,4,1,0,0,0,0,0,0,2
    1333,.29,.41,12,1,-1,1,1,0,1,0,0,0,0,0,2
    1333,.29,-.17,13,2,0,4,0,0,0,1,0,0,0,0,2
    1333,.44,-.09,14,3,1,9,1,0,0,0,1,0,0,0,2
    1333,0,-.37,15,4,2,16,4,0,0,0,0,1,0,0,2
    1334,.2,.07,11,0,-2,0,4,1,0,0,0,0,1,0,2
    1334,0,-.17,12,1,-1,1,1,0,1,0,0,0,1,0,2
    1334,0,-.01,13,2,0,4,0,0,0,1,0,0,1,0,2
    1334,0,-.01,14,3,1,9,1,0,0,0,1,0,1,0,2
    1334,.11,-.01,15,4,2,16,4,0,0,0,0,1,1,0,2
    1336,.2,-.09,11,0,-2,0,4,1,0,0,0,0,1,0,2
    1351,0,-.09,11,0,-2,0,4,1,0,0,0,0,0,0,3
    1351,.64,-.17,12,1,-1,1,1,0,1,0,0,0,0,0,3
    1351,.58,-.09,13,2,0,4,0,0,0,1,0,0,0,0,3
    1351,.8,.14,14,3,1,9,1,0,0,0,1,0,0,0,3
    1351,.69,-.27,15,4,2,16,4,0,0,0,0,1,0,0,3
    1369,.2,-.01,11,0,-2,0,4,1,0,0,0,0,1,0,4
    1369,.11,-.17,12,1,-1,1,1,0,1,0,0,0,1,0,4
    1369,.11,-.17,13,2,0,4,0,0,0,1,0,0,1,0,4
    1369,0,-.09,14,3,1,9,1,0,0,0,1,0,1,0,4
    1369,.11,-.17,15,4,2,16,4,0,0,0,0,1,1,0,4
    1371,.29,-.37,11,0,-2,0,4,1,0,0,0,0,0,0,4
    1371,0,-.27,13,2,0,4,0,0,0,1,0,0,0,0,4
    1371,0,-.17,15,4,2,16,4,0,0,0,0,1,0,0,4
    1385,.11,-.01,11,0,-2,0,4,1,0,0,0,0,1,0,7
    1385,.2,.07,12,1,-1,1,1,0,1,0,0,0,1,0,7
    1385,.2,-.09,13,2,0,4,0,0,0,1,0,0,1,0,7
    1385,.11,-.01,14,3,1,9,1,0,0,0,1,0,1,0,7
    1385,.29,.26,15,4,2,16,4,0,0,0,0,1,1,0,7
    1386,0,.14,11,0,-2,0,4,1,0,0,0,0,0,0,5
    1386,.11,-.09,12,1,-1,1,1,0,1,0,0,0,0,0,5
    1386,0,-.01,13,2,0,4,0,0,0,1,0,0,0,0,5
    1386,.11,-.01,14,3,1,9,1,0,0,0,1,0,0,0,5
    1386,.2,.14,15,4,2,16,4,0,0,0,0,1,0,0,5
    1391,0,-.27,12,1,-1,1,1,0,1,0,0,0,1,0,3
    1391,0,-.37,13,2,0,4,0,0,0,1,0,0,1,0,3
    1391,0,-.27,14,3,1,9,1,0,0,0,1,0,1,0,3
    1391,0,-.37,15,4,2,16,4,0,0,0,0,1,1,0,3
    1395,.37,.69,11,0,-2,0,4,1,0,0,0,0,0,0,3
    1395,.29,-.01,12,1,-1,1,1,0,1,0,0,0,0,0,3
    1395,0,-.09,13,2,0,4,0,0,0,1,0,0,0,0,3
    1395,.11,.07,14,3,1,9,1,0,0,0,1,0,0,0,3
    1395,.37,.26,15,4,2,16,4,0,0,0,0,1,0,0,3
    1405,0,-.37,11,0,-2,0,4,1,0,0,0,0,1,0,2
    1409,.37,-.27,12,1,-1,1,1,0,1,0,0,0,1,0,3
    1409,.11,-.17,13,2,0,4,0,0,0,1,0,0,1,0,3
    1409,.11,-.17,14,3,1,9,1,0,0,0,1,0,1,0,3
    1409,.44,-.27,15,4,2,16,4,0,0,0,0,1,1,0,3
    1415,0,-.17,11,0,-2,0,4,1,0,0,0,0,1,0,6
    1415,.2,-.17,12,1,-1,1,1,0,1,0,0,0,1,0,6
    1415,.69,.14,13,2,0,4,0,0,0,1,0,0,1,0,6
    1415,.44,-.01,14,3,1,9,1,0,0,0,1,0,1,0,6
    1415,.51,.14,15,4,2,16,4,0,0,0,0,1,1,0,6
    1423,.29,-.09,11,0,-2,0,4,1,0,0,0,0,0,0,4
    1423,.64,.32,12,1,-1,1,1,0,1,0,0,0,0,0,4
    1423,.58,.26,13,2,0,4,0,0,0,1,0,0,0,0,4
    1423,.69,-.09,14,3,1,9,1,0,0,0,1,0,0,0,4
    1423,.85,.26,15,4,2,16,4,0,0,0,0,1,0,0,4
    1427,.11,-.27,12,1,-1,1,1,0,1,0,0,0,0,0,4
    1427,0,-.37,13,2,0,4,0,0,0,1,0,0,0,0,4
    1427,.58,-.17,14,3,1,9,1,0,0,0,1,0,0,0,4
    1427,.44,-.37,15,4,2,16,4,0,0,0,0,1,0,0,4
    1428,0,-.37,11,0,-2,0,4,1,0,0,0,0,0,0,2
    1428,0,-.27,12,1,-1,1,1,0,1,0,0,0,0,0,2
    1428,0,-.27,13,2,0,4,0,0,0,1,0,0,0,0,2
    1428,.29,-.17,14,3,1,9,1,0,0,0,1,0,0,0,2
    1428,.2,-.17,15,4,2,16,4,0,0,0,0,1,0,0,2
    1434,.11,-.27,11,0,-2,0,4,1,0,0,0,0,0,0,3
    1434,.11,-.27,12,1,-1,1,1,0,1,0,0,0,0,0,3
    1434,.37,.14,13,2,0,4,0,0,0,1,0,0,0,0,3
    1434,.58,.37,14,3,1,9,1,0,0,0,1,0,0,0,3
    1434,.58,.47,15,4,2,16,4,0,0,0,0,1,0,0,3
    1437,.29,-.27,11,0,-2,0,4,1,0,0,0,0,1,0,2
    1437,0,.14,12,1,-1,1,1,0,1,0,0,0,1,0,2
    1437,.29,.26,13,2,0,4,0,0,0,1,0,0,1,0,2
    1437,.94,.61,14,3,1,9,1,0,0,0,1,0,1,0,2
    1437,.89,.56,15,4,2,16,4,0,0,0,0,1,1,0,2
    1441,.2,-.17,11,0,-2,0,4,1,0,0,0,0,1,0,6
    1441,0,-.37,12,1,-1,1,1,0,1,0,0,0,1,0,6
    1441,.11,-.27,13,2,0,4,0,0,0,1,0,0,1,0,6
    1441,.37,-.09,14,3,1,9,1,0,0,0,1,0,1,0,6
    1441,.2,-.09,15,4,2,16,4,0,0,0,0,1,1,0,6
    1448,.75,-.09,11,0,-2,0,4,1,0,0,0,0,0,0,2
    1448,.51,.07,12,1,-1,1,1,0,1,0,0,0,0,0,2
    1448,.8,-.01,13,2,0,4,0,0,0,1,0,0,0,0,2
    1448,.85,.37,14,3,1,9,1,0,0,0,1,0,0,0,2
    1448,1.02,.42,15,4,2,16,4,0,0,0,0,1,0,0,2
    1450,.2,.2,11,0,-2,0,4,1,0,0,0,0,0,0,2
    1450,.51,.32,12,1,-1,1,1,0,1,0,0,0,0,0,2
    1450,.37,.26,13,2,0,4,0,0,0,1,0,0,0,0,2
    1450,.69,.26,14,3,1,9,1,0,0,0,1,0,0,0,2
    1450,.69,.2,15,4,2,16,4,0,0,0,0,1,0,0,2
    1465,.51,-.01,12,1,-1,1,1,0,1,0,0,0,0,0,3
    1465,.85,.14,13,2,0,4,0,0,0,1,0,0,0,0,3
    1465,.51,-.01,14,3,1,9,1,0,0,0,1,0,0,0,3
    1465,.64,.14,15,4,2,16,4,0,0,0,0,1,0,0,3
    1477,.11,-.27,11,0,-2,0,4,1,0,0,0,0,0,0,3
    1477,.64,-.01,12,1,-1,1,1,0,1,0,0,0,0,0,3
    1477,.75,.14,13,2,0,4,0,0,0,1,0,0,0,0,3
    1477,.75,-.01,14,3,1,9,1,0,0,0,1,0,0,0,3
    1477,.44,-.09,15,4,2,16,4,0,0,0,0,1,0,0,3
    1486,0,-.37,12,1,-1,1,1,0,1,0,0,0,1,0,4
    1486,0,-.37,13,2,0,4,0,0,0,1,0,0,1,0,4
    1486,.11,-.37,14,3,1,9,1,0,0,0,1,0,1,0,4
    1486,0,-.37,15,4,2,16,4,0,0,0,0,1,1,0,4
    1496,.11,-.37,11,0,-2,0,4,1,0,0,0,0,1,0,10
    1496,.51,.42,12,1,-1,1,1,0,1,0,0,0,1,0,10
    1496,.58,.61,13,2,0,4,0,0,0,1,0,0,1,0,10
    1496,.58,.65,14,3,1,9,1,0,0,0,1,0,1,0,10
    1496,.58,.47,15,4,2,16,4,0,0,0,0,1,1,0,10
    1507,.11,-.17,11,0,-2,0,4,1,0,0,0,0,0,0,4
    1507,0,-.37,12,1,-1,1,1,0,1,0,0,0,0,0,4
    1507,.51,.14,13,2,0,4,0,0,0,1,0,0,0,0,4
    1507,.51,.32,14,3,1,9,1,0,0,0,1,0,0,0,4
    1507,.58,.32,15,4,2,16,4,0,0,0,0,1,0,0,4
    1514,.11,.07,11,0,-2,0,4,1,0,0,0,0,0,0,7
    1514,0,-.37,12,1,-1,1,1,0,1,0,0,0,0,0,7
    1514,0,-.17,13,2,0,4,0,0,0,1,0,0,0,0,7
    1514,0,-.27,14,3,1,9,1,0,0,0,1,0,0,0,7
    1514,0,-.17,15,4,2,16,4,0,0,0,0,1,0,0,7
    1521,0,-.27,12,1,-1,1,1,0,1,0,0,0,1,0,3
    1521,.37,.14,13,2,0,4,0,0,0,1,0,0,1,0,3
    1521,.29,.14,14,3,1,9,1,0,0,0,1,0,1,0,3
    1521,.58,.26,15,4,2,16,4,0,0,0,0,1,1,0,3
    1524,.29,-.01,11,0,-2,0,4,1,0,0,0,0,1,0,2
    1524,.11,-.09,12,1,-1,1,1,0,1,0,0,0,1,0,2
    1524,.37,.37,13,2,0,4,0,0,0,1,0,0,1,0,2
    1524,.2,-.17,14,3,1,9,1,0,0,0,1,0,1,0,2
    1524,.37,-.17,15,4,2,16,4,0,0,0,0,1,1,0,2
    1526,.2,.26,11,0,-2,0,4,1,0,0,0,0,1,0,4
    1526,.51,-.17,13,2,0,4,0,0,0,1,0,0,1,0,4
    1526,.44,.07,14,3,1,9,1,0,0,0,1,0,1,0,4
    1526,.29,-.37,15,4,2,16,4,0,0,0,0,1,1,0,4
    1527,.29,-.37,11,0,-2,0,4,1,0,0,0,0,0,0,5
    1527,.51,-.09,12,1,-1,1,1,0,1,0,0,0,0,0,5
    1527,.11,-.17,13,2,0,4,0,0,0,1,0,0,0,0,5
    1527,.69,-.37,14,3,1,9,1,0,0,0,1,0,0,0,5
    1538,.11,-.27,11,0,-2,0,4,1,0,0,0,0,1,0,5
    1538,.29,-.27,12,1,-1,1,1,0,1,0,0,0,1,0,5
    1538,.29,-.09,13,2,0,4,0,0,0,1,0,0,1,0,5
    1538,0,-.17,14,3,1,9,1,0,0,0,1,0,1,0,5
    1538,.2,.07,15,4,2,16,4,0,0,0,0,1,1,0,5
    1542,.2,.14,11,0,-2,0,4,1,0,0,0,0,0,0,2
    1542,.2,.32,12,1,-1,1,1,0,1,0,0,0,0,0,2
    1542,.69,.52,13,2,0,4,0,0,0,1,0,0,0,0,2
    1542,.58,.47,14,3,1,9,1,0,0,0,1,0,0,0,2
    1542,.75,.32,15,4,2,16,4,0,0,0,0,1,0,0,2
    1552,0,-.17,11,0,-2,0,4,1,0,0,0,0,0,0,4
    1552,.11,-.01,12,1,-1,1,1,0,1,0,0,0,0,0,4
    1552,.8,.2,13,2,0,4,0,0,0,1,0,0,0,0,4
    1552,.44,.07,14,3,1,9,1,0,0,0,1,0,0,0,4
    1552,.44,.07,15,4,2,16,4,0,0,0,0,1,0,0,4
    1572,.11,-.27,12,1,-1,1,1,0,1,0,0,0,1,1,2
    1572,.2,.14,13,2,0,4,0,0,0,1,0,0,1,1,2
    1572,.2,-.09,14,3,1,9,1,0,0,0,1,0,1,1,2
    1577,.11,-.37,11,0,-2,0,4,1,0,0,0,0,1,1,2
    1577,0,-.37,12,1,-1,1,1,0,1,0,0,0,1,1,2
    1577,.29,.07,13,2,0,4,0,0,0,1,0,0,1,1,2
    1577,.11,.07,14,3,1,9,1,0,0,0,1,0,1,1,2
    1577,0,-.37,15,4,2,16,4,0,0,0,0,1,1,1,2
    1581,0,-.37,11,0,-2,0,4,1,0,0,0,0,1,1,1
    1581,0,-.37,12,1,-1,1,1,0,1,0,0,0,1,1,1
    1581,0,-.37,13,2,0,4,0,0,0,1,0,0,1,1,1
    1581,0,-.37,14,3,1,9,1,0,0,0,1,0,1,1,1
    1581,0,-.27,15,4,2,16,4,0,0,0,0,1,1,1,1
    1593,0,.07,11,0,-2,0,4,1,0,0,0,0,0,0,3
    1593,.11,.07,12,1,-1,1,1,0,1,0,0,0,0,0,3
    1593,0,.37,13,2,0,4,0,0,0,1,0,0,0,0,3
    1593,.2,.37,14,3,1,9,1,0,0,0,1,0,0,0,3
    1593,.2,.26,15,4,2,16,4,0,0,0,0,1,0,0,3
    1598,.11,-.17,11,0,-2,0,4,1,0,0,0,0,0,0,4
    1598,.51,-.17,12,1,-1,1,1,0,1,0,0,0,0,0,4
    1598,.44,.07,13,2,0,4,0,0,0,1,0,0,0,0,4
    1598,.51,-.01,14,3,1,9,1,0,0,0,1,0,0,0,4
    1598,.58,.07,15,4,2,16,4,0,0,0,0,1,0,0,4
    1615,0,-.17,11,0,-2,0,4,1,0,0,0,0,1,0,5
    1615,0,-.27,12,1,-1,1,1,0,1,0,0,0,1,0,5
    1615,.11,-.17,13,2,0,4,0,0,0,1,0,0,1,0,5
    1615,.2,-.09,14,3,1,9,1,0,0,0,1,0,1,0,5
    1615,.44,-.09,15,4,2,16,4,0,0,0,0,1,1,0,5
    1621,.2,-.09,13,2,0,4,0,0,0,1,0,0,1,0,6
    1621,.58,-.01,14,3,1,9,1,0,0,0,1,0,1,0,6
    1621,.51,-.01,15,4,2,16,4,0,0,0,0,1,1,0,6
    1641,0,-.37,11,0,-2,0,4,1,0,0,0,0,0,1,2
    1641,0,-.24,12,1,-1,1,1,0,1,0,0,0,0,1,2
    1641,0,-.37,13,2,0,4,0,0,0,1,0,0,0,1,2
    1641,0,-.17,14,3,1,9,1,0,0,0,1,0,0,1,2
    1641,.11,-.27,15,4,2,16,4,0,0,0,0,1,0,1,2
    1642,0,.56,13,2,0,4,0,0,0,1,0,0,0,0,2
    1642,0,.2,14,3,1,9,1,0,0,0,1,0,0,0,2
    1642,0,-.37,15,4,2,16,4,0,0,0,0,1,0,0,2
    1650,.44,-.27,11,0,-2,0,4,1,0,0,0,0,1,0,4
    1650,.51,-.37,12,1,-1,1,1,0,1,0,0,0,1,0,4
    1650,.64,-.27,13,2,0,4,0,0,0,1,0,0,1,0,4
    1653,.11,.07,11,0,-2,0,4,1,0,0,0,0,0,0,6
    1653,.11,-.09,12,1,-1,1,1,0,1,0,0,0,0,0,6
    1653,.29,-.09,13,2,0,4,0,0,0,1,0,0,0,0,6
    1653,.44,.26,14,3,1,9,1,0,0,0,1,0,0,0,6
    1653,.75,.73,15,4,2,16,4,0,0,0,0,1,0,0,6
    1677,.2,-.17,11,0,-2,0,4,1,0,0,0,0,1,1,2
    1677,.37,-.37,12,1,-1,1,1,0,1,0,0,0,1,1,2
    1677,.29,-.01,13,2,0,4,0,0,0,1,0,0,1,1,2
    1677,.2,-.17,14,3,1,9,1,0,0,0,1,0,1,1,2
    1677,.2,-.37,15,4,2,16,4,0,0,0,0,1,1,1,2
    1693,0,-.09,11,0,-2,0,4,1,0,0,0,0,1,0,4
    1693,.2,.07,12,1,-1,1,1,0,1,0,0,0,1,0,4
    1693,.2,-.09,13,2,0,4,0,0,0,1,0,0,1,0,4
    1693,.2,-.01,14,3,1,9,1,0,0,0,1,0,1,0,4
    1693,.2,-.01,15,4,2,16,4,0,0,0,0,1,1,0,4
    1696,.11,-.37,11,0,-2,0,4,1,0,0,0,0,1,0,4
    1696,.11,.07,12,1,-1,1,1,0,1,0,0,0,1,0,4
    1696,0,-.17,13,2,0,4,0,0,0,1,0,0,1,0,4
    1696,0,-.17,14,3,1,9,1,0,0,0,1,0,1,0,4
    1696,0,.07,15,4,2,16,4,0,0,0,0,1,1,0,4
    1708,0,-.37,12,1,-1,1,1,0,1,0,0,0,1,0,1
    1708,.44,-.37,13,2,0,4,0,0,0,1,0,0,1,0,1
    1708,.29,-.37,14,3,1,9,1,0,0,0,1,0,1,0,1
    1708,.29,-.37,15,4,2,16,4,0,0,0,0,1,1,0,1
    1720,.2,-.09,11,0,-2,0,4,1,0,0,0,0,1,0,2
    1720,0,-.17,12,1,-1,1,1,0,1,0,0,0,1,0,2
    1720,0,-.27,13,2,0,4,0,0,0,1,0,0,1,0,2
    1720,0,-.37,14,3,1,9,1,0,0,0,1,0,1,0,2
    1720,0,-.27,15,4,2,16,4,0,0,0,0,1,1,0,2
